Component, CC
edu.umd.cs.findbugs.classfile.analysis.EnumValue,2
edu.umd.cs.findbugs.gui2.SorterTableColumnModel,8
edu.umd.cs.findbugs.classfile.engine.bcel.UnpackedCode,2
edu.umd.cs.findbugs.ba.AbstractDataflowAnalysis,2
edu.umd.cs.findbugs.detect.PreferZeroLengthArrays,2
edu.umd.cs.findbugs.sourceViewer.NumberedParagraphView,2
edu.umd.cs.findbugs.ObfuscateTest,3
edu.umd.cs.findbugs.classfile.engine.bcel.BackwardTypeQualifierDataflowFactoryFactory,2
edu.umd.cs.findbugs.detect.UnnecessaryMath,3
edu.umd.cs.findbugs.gui2.SaveType,3
edu.umd.cs.findbugs.TigerSubstitutes,2
edu.umd.cs.findbugs.gui2.TabbedLayout,3
edu.umd.cs.findbugs.gui2.SwingThread,1
edu.umd.cs.findbugs.model.ClassFeatureSet,2
edu.umd.cs.findbugs.gui2.FindBugsFilterFileFilter,2
edu.umd.cs.findbugs.Token,2
edu.umd.cs.findbugs.cloud.BugFilingHelper,4
edu.umd.cs.findbugs.bugReporter.MaxRankDecorator,5
edu.umd.cs.findbugs.ba.MethodBytecodeSet,2
edu.umd.cs.findbugs.UsageTracker,18
edu.umd.cs.findbugs.gui2.AnalysisCallback,2
edu.umd.cs.findbugs.anttask.AbstractFindBugsTask,8
edu.umd.cs.findbugs.detect.FinalizerNullsFields,3
edu.umd.cs.findbugs.anttask.FindBugsTask,12
edu.umd.cs.findbugs.ba.ForwardDataflowAnalysis,2
edu.umd.cs.findbugs.ba.ClassContext,13
edu.umd.cs.findbugs.ba.ch.InheritanceEdge,2
edu.umd.cs.findbugs.classfile.engine.AbstractFieldAnnotationVisitor,2
edu.umd.cs.findbugs.ExcludingHashesBugReporter,3
edu.umd.cs.findbugs.ba.npe2.TestNullnessValue,3
edu.umd.cs.findbugs.ba.AbstractField,2
edu.umd.cs.findbugs.detect.SynchronizationOnSharedBuiltinConstant,8
edu.umd.cs.findbugs.gui2.Driver,6
edu.umd.cs.findbugs.ba.obl.MatchObligationParametersEntry,1
edu.umd.cs.findbugs.UpdateCheckCallback,2
edu.umd.cs.findbugs.cloud.BugFiler,5
edu.umd.cs.findbugs.ba.DFSCFGPrinter,2
edu.umd.cs.findbugs.props.WarningPropertyUtil,3
edu.umd.cs.findbugs.gui.BugCellRenderer,1
edu.umd.cs.findbugs.ba.CheckReturnAnnotationDatabase,14
edu.umd.cs.findbugs.io.SlowInputStream,4
edu.umd.cs.findbugs.ba.npe.IsNullValueAnalysisFeatures,2
edu.umd.cs.findbugs.jaif.JAIFEvents,2
edu.umd.cs.findbugs.userAnnotations.Plugin,1
edu.umd.cs.findbugs.ba.obl.ObligationDataflow,2
edu.umd.cs.findbugs.annotations.ExpectWarning,9
edu.umd.cs.findbugs.SAXBugCollectionHandler,49
edu.umd.cs.findbugs.detect.InefficientMemberAccess,2
edu.umd.cs.findbugs.InterproceduralFirstPassDetector,2
edu.umd.cs.findbugs.detect.SynchronizeAndNullCheckField,2
edu.umd.cs.findbugs.detect.BadlyOverriddenAdapter,2
edu.umd.cs.findbugs.filter.NameMatch,2
edu.umd.cs.findbugs.filter.RelationalOp,2
edu.umd.cs.findbugs.annotations.PossiblyNull,2
edu.umd.cs.findbugs.filter.VersionMatcher,2
edu.umd.cs.findbugs.L10N,4
edu.umd.cs.findbugs.detect.FindMaskedFields,5
edu.umd.cs.findbugs.detect.SerializableIdiom,22
edu.umd.cs.findbugs.classfile.engine.ClassParserUsingBCEL,3
edu.umd.cs.findbugs.AnalysisLocal,2
edu.umd.cs.findbugs.detect.Methods,2
edu.umd.cs.findbugs.ClassWarningSuppressor,2
edu.umd.cs.findbugs.detect.VarArgsProblems,2
edu.umd.cs.findbugs.ba.bcp.MatchResult,2
edu.umd.cs.findbugs.filter.Filter,7
edu.umd.cs.findbugs.gui.LineNumberer,1
edu.umd.cs.findbugs.ba.Path,3
edu.umd.cs.findbugs.ProgramPoint,6
edu.umd.cs.findbugs.detect.TrainNonNullAnnotations,2
edu.umd.cs.findbugs.CheckBcel,4
edu.umd.cs.findbugs.ba.jsr305.ReturnTypeAnnotationAccumulator,3
edu.umd.cs.findbugs.StringAnnotation,13
edu.umd.cs.findbugs.ba.npe.ReturnPathType,2
edu.umd.cs.findbugs.NonReportingDetector,3
edu.umd.cs.findbugs.detect.InstanceFieldLoadStreamFactory,2
edu.umd.cs.findbugs.UpdateChecker,13
edu.umd.cs.findbugs.filter.LastVersionMatcher,3
edu.umd.cs.findbugs.visitclass.Util,5
edu.umd.cs.findbugs.ba.LineNumberMap,2
edu.umd.cs.findbugs.classfile.ICodeBaseIterator,2
edu.umd.cs.findbugs.filter.OrMatcher,2
edu.umd.cs.findbugs.SuppressionMatcher,2
edu.umd.cs.findbugs.DetectorFactory,14
edu.umd.cs.findbugs.ba.BlockTypeAnalysis,2
edu.umd.cs.findbugs.detect.NullArgumentWarningProperty,3
edu.umd.cs.findbugs.TrainingDetector,2
edu.umd.cs.findbugs.ba.obl.NonexistentObligationException,1
edu.umd.cs.findbugs.gui2.Debug,4
edu.umd.cs.findbugs.detect.CallToUnsupportedMethod,5
edu.umd.cs.findbugs.filter.LocalMatcher,2
edu.umd.cs.findbugs.util.StringsTest,5
edu.umd.cs.findbugs.annotations.DefaultAnnotationForParameters,3
edu.umd.cs.findbugs.detect.NoteJCIPAnnotation,4
edu.umd.cs.findbugs.bugReporter.BugReporterPlugin,5
edu.umd.cs.findbugs.gui2.MainFrameTree,4
edu.umd.cs.findbugs.plan.SingleDetectorFactorySelector,2
edu.umd.cs.findbugs.UsageTrackerCallback,2
edu.umd.cs.findbugs.tools.CheckClassfileVersion,8
edu.umd.cs.findbugs.ba.DefaultNullnessAnnotations,19
edu.umd.cs.findbugs.classfile.engine.bcel.UnpackedCodeFactory,2
edu.umd.cs.findbugs.detect.DoomedCodeWarningProperty,3
edu.umd.cs.findbugs.graph.SearchTreeCallback,2
edu.umd.cs.findbugs.SwitchHandler,4
edu.umd.cs.findbugs.ba.XMethodParameter,2
edu.umd.cs.findbugs.ba.ExceptionHandlerMap,2
edu.umd.cs.findbugs.config.UserPreferences,8
edu.umd.cs.findbugs.graph.ReverseDepthFirstSearch,2
edu.umd.cs.findbugs.ba.UnresolvedXField,4
edu.umd.cs.findbugs.ba.jsr305.ForwardTypeQualifierDataflowFactory,5
edu.umd.cs.findbugs.anttask.ComputeBugHistoryTask,2
edu.umd.cs.findbugs.ba.ComparableMethod,1
edu.umd.cs.findbugs.gui2.BugLoader,24
edu.umd.cs.findbugs.detect.TestingGround,16
edu.umd.cs.findbugs.ba.ReverseDFSOrder,4
edu.umd.cs.findbugs.classfile.engine.bcel.EngineRegistrar,5
edu.umd.cs.findbugs.classfile.engine.bcel.ReturnPathTypeDataflowFactory,2
edu.umd.cs.findbugs.ba.MethodHashTest,2
edu.umd.cs.findbugs.detect.CheckImmutableAnnotation,3
edu.umd.cs.findbugs.detect.ComparatorIdiom,3
edu.umd.cs.findbugs.workflow.MergeSummarizeAndView,6
edu.umd.cs.findbugs.ba.generic.TestGenericSignatureParser,2
edu.umd.cs.findbugs.detect.ConfusionBetweenInheritedAndOuterMethod,2
edu.umd.cs.findbugs.detect.BCPMethodReturnCheck,3
edu.umd.cs.findbugs.FindBugsDisplayFeatures,2
edu.umd.cs.findbugs.ba.CFGBuilderException,2
edu.umd.cs.findbugs.classfile.engine.bcel.ParameterSignatureListFactory,2
edu.umd.cs.findbugs.gui.FindBugsFrame,8
edu.umd.cs.findbugs.ba.PostDominatorsAnalysis,2
edu.umd.cs.findbugs.xml.OutputStreamXMLOutput,7
edu.umd.cs.findbugs.ba.FieldSummary,20
edu.umd.cs.findbugs.workflow.SetBugDatabaseInfo,16
edu.umd.cs.findbugs.detect.CloneIdiom,4
edu.umd.cs.findbugs.ba.bcp.Variable,2
edu.umd.cs.findbugs.ba.ch.OverriddenMethodsVisitor,4
edu.umd.cs.findbugs.classfile.engine.asm.package-info,2
edu.umd.cs.findbugs.classfile.engine.bcel.StoreDataflowFactory,2
edu.umd.cs.findbugs.ba.npe2.IfNullCondition,2
edu.umd.cs.findbugs.detect.ReadOfInstanceFieldInMethodInvokedByConstructorInSuperclass,17
edu.umd.cs.findbugs.classfile.engine.bcel.LockDataflowFactory,2
edu.umd.cs.findbugs.detect.FindUnreleasedLock,5
edu.umd.cs.findbugs.classfile.CheckedAnalysisException,2
edu.umd.cs.findbugs.log.ConsoleLogger,3
edu.umd.cs.findbugs.gui2.HashListTest,1
edu.umd.cs.findbugs.RunnableWithExceptions,1
edu.umd.cs.findbugs.AbstractBugReporter,10
edu.umd.cs.findbugs.classfile.MethodDescriptor,7
edu.umd.cs.findbugs.ba.ZipSourceFileDataSource,3
edu.umd.cs.findbugs.ba.obl.Obligation,2
edu.umd.cs.findbugs.ba.XMethod,12
edu.umd.cs.findbugs.gui.DefaultSortedTableModel,1
edu.umd.cs.findbugs.cloud.Cloud,64
edu.umd.cs.findbugs.plan.ExecutionPlan,6
edu.umd.cs.findbugs.classfile.analysis.MethodInfo,20
edu.umd.cs.findbugs.ba.npe.ReturnPathTypeAnalysis,2
edu.umd.cs.findbugs.annotations.CheckReturnValue,3
edu.umd.cs.findbugs.visitclass.PreorderVisitor,13
edu.umd.cs.findbugs.graph.DFSEdgeTypes,2
edu.umd.cs.findbugs.Priorities,2
edu.umd.cs.findbugs.StatelessDetector,2
edu.umd.cs.findbugs.ba.jsr305.TypeQualifierValueSet,5
edu.umd.cs.findbugs.detect.SwitchFallthrough,13
edu.umd.cs.findbugs.detect.FindRunInvocations,4
edu.umd.cs.findbugs.PackageWarningSuppressor,2
edu.umd.cs.findbugs.ClassScreener,4
edu.umd.cs.findbugs.workflow.FB,1
edu.umd.cs.findbugs.classfile.IClassConstants,2
edu.umd.cs.findbugs.detect.WrongMapIterator,3
edu.umd.cs.findbugs.ba.type.TypeFrameModelingVisitor,61
edu.umd.cs.findbugs.detect.FindSpinLoop,2
edu.umd.cs.findbugs.ba.jsr305.TypeQualifierApplications,21
edu.umd.cs.findbugs.plan.ConstraintEdge,2
edu.umd.cs.findbugs.AddAnnotation,9
edu.umd.cs.findbugs.detect.DuplicateBranches,4
edu.umd.cs.findbugs.detect.EmptyZipFileEntry,2
edu.umd.cs.findbugs.workflow.BackdateHistoryUsingSource,8
edu.umd.cs.findbugs.plan.ConstraintGraph,2
edu.umd.cs.findbugs.bcel.generic.NONNULL2Z,1
edu.umd.cs.findbugs.detect.BadResultSetAccess,3
edu.umd.cs.findbugs.model.IdentityClassNameRewriter,2
edu.umd.cs.findbugs.ba.npe.MayReturnNullPropertyDatabase,2
edu.umd.cs.findbugs.ba.jsr305.BackwardTypeQualifierDataflowFactory,5
edu.umd.cs.findbugs.ba.jsr305.ForwardTypeQualifierDataflowAnalysis,5
edu.umd.cs.findbugs.gui.AnnotatedString,4
edu.umd.cs.findbugs.classfile.ClassDescriptor,9
edu.umd.cs.findbugs.detect.EqStringTest,3
edu.umd.cs.findbugs.ba.npe2.DefinitelyNullSetAnalysis,3
edu.umd.cs.findbugs.filter.FirstVersionMatcher,2
edu.umd.cs.findbugs.ShowHelp,7
edu.umd.cs.findbugs.classfile.DescriptorFactory,21
edu.umd.cs.findbugs.Obfuscate,6
edu.umd.cs.findbugs.detect.FindUseOfNonSerializableValue,1
edu.umd.cs.findbugs.cloud.BugFilingCommentHelper,5
edu.umd.cs.findbugs.detect.PublicSemaphores,2
edu.umd.cs.findbugs.ba.PathVisitor,2
edu.umd.cs.findbugs.detect.HugeSharedStringConstants,3
edu.umd.cs.findbugs.model.ClassNameRewriter,2
edu.umd.cs.findbugs.bcel.generic.NullnessConversationInstruction,2
edu.umd.cs.findbugs.ba.AnalysisException,3
edu.umd.cs.findbugs.detect.FindSelfComparison2,4
edu.umd.cs.findbugs.detect.DontIgnoreResultOfPutIfAbsent,15
edu.umd.cs.findbugs.cloud.CloudPlugin,11
edu.umd.cs.findbugs.ba.type.TypeAnalysis,11
edu.umd.cs.findbugs.graph.GraphVertex,2
edu.umd.cs.findbugs.classfile.engine.bcel.MethodFactory,2
edu.umd.cs.findbugs.detect.SuspiciousThreadInterrupted,2
edu.umd.cs.findbugs.ba.vna.ValueNumberSourceInfo,8
edu.umd.cs.findbugs.ba.AnnotationDatabase,8
edu.umd.cs.findbugs.util.LaunchBrowser,18
edu.umd.cs.findbugs.gui2.CheckBoxList,2
edu.umd.cs.findbugs.cloud.BugLinkInterface,2
edu.umd.cs.findbugs.gui2.AnalyzingDialog,7
edu.umd.cs.findbugs.PluginDoesntContainMetadataException,2
edu.umd.cs.findbugs.ba.bcp.LongOrDoubleLocalVariable,2
edu.umd.cs.findbugs.workflow.Churn,11
edu.umd.cs.findbugs.detect.FindNullDeref,41
edu.umd.cs.findbugs.ba.deref.UnconditionalValueDerefAnalysis,14
edu.umd.cs.findbugs.annotations.Confidence,1
edu.umd.cs.findbugs.ba.constant.ConstantFrame,2
edu.umd.cs.findbugs.ba.vna.ValueNumberAnalysis,7
edu.umd.cs.findbugs.detect.StaticFieldLoadStreamFactory,2
edu.umd.cs.findbugs.cloud.CloudListener,2
edu.umd.cs.findbugs.DeepSubtypeAnalysis,8
edu.umd.cs.findbugs.util.HTML,6
edu.umd.cs.findbugs.annotations.CreatesObligation,2
edu.umd.cs.findbugs.util.ExactStringMatcher,2
edu.umd.cs.findbugs.cloud.DBStats,37
edu.umd.cs.findbugs.ba.obl.ObligationPolicyDatabaseActionType,3
edu.umd.cs.findbugs.classfile.engine.bcel.MethodBytecodeSetFactory,2
edu.umd.cs.findbugs.BugRanker,29
edu.umd.cs.findbugs.ba.type.LongExtraType,2
edu.umd.cs.findbugs.ba.ReturnPath,2
edu.umd.cs.findbugs.detect.BuildNonnullReturnDatabase,2
edu.umd.cs.findbugs.util.ClassName,17
edu.umd.cs.findbugs.internalAnnotations.SlashedPattern,2
edu.umd.cs.findbugs.cloud.appEngine.ServerReturnedErrorCodeException,1
edu.umd.cs.findbugs.gui2.SuppressionMatcher,2
edu.umd.cs.findbugs.ba.bcp.Store,2
edu.umd.cs.findbugs.visitclass.GetNumberArgumentsTest,2
edu.umd.cs.findbugs.asm.AbstractFBMethodVisitor,2
edu.umd.cs.findbugs.detect.FindPuzzlers,36
edu.umd.cs.findbugs.ba.SourceInfoMap,2
edu.umd.cs.findbugs.ba.CFGBuilder,2
edu.umd.cs.findbugs.classfile.analysis.AnnotationValue,4
edu.umd.cs.findbugs.plan.DetectorNode,2
edu.umd.cs.findbugs.gui2.SplitLayout,8
edu.umd.cs.findbugs.gui2.FilterListener,2
edu.umd.cs.findbugs.ba.bcp.MatchAny,2
edu.umd.cs.findbugs.ml.ConvertToARFF,3
edu.umd.cs.findbugs.FindBugs2,51
edu.umd.cs.findbugs.detect.DumbMethodInvocations,4
edu.umd.cs.findbugs.XMLWriteableWithMessages,2
edu.umd.cs.findbugs.plugins.DuplicatePluginIdException,1
edu.umd.cs.findbugs.BugReporterObserver,2
edu.umd.cs.findbugs.TextUIProgressCallback,3
edu.umd.cs.findbugs.XDocsBugReporter,8
edu.umd.cs.findbugs.cloudInterface.BugCollectionStorageCloud,1
edu.umd.cs.findbugs.classfile.engine.bcel.ConstantPoolGenFactory,2
edu.umd.cs.findbugs.ba.type.FieldStoreType,2
edu.umd.cs.findbugs.classfile.IClassPathBuilderProgress,3
edu.umd.cs.findbugs.PluginLoader,88
edu.umd.cs.findbugs.sourceViewer.NoWrapBoxView,2
edu.umd.cs.findbugs.ba.type.FieldStoreTypeDatabase,2
edu.umd.cs.findbugs.ba.bcp.Wild,2
edu.umd.cs.findbugs.ba.obl.InstructionActionCache,7
edu.umd.cs.findbugs.xml.MetaCharacterMap,2
edu.umd.cs.findbugs.sourceViewer.DocumentCharacterIterator,2
edu.umd.cs.findbugs.classfile.engine.bcel.NonExceptionPostdominatorsAnalysis,2
edu.umd.cs.findbugs.ba.AccessibleEntity,2
edu.umd.cs.findbugs.ExitCodes,2
edu.umd.cs.findbugs.ba.MethodChooser,2
edu.umd.cs.findbugs.ba.jsr305.BackwardTypeQualifierDataflow,2
edu.umd.cs.findbugs.ba.LockAnalysis,3
edu.umd.cs.findbugs.detect.LazyInit,6
edu.umd.cs.findbugs.classfile.engine.bcel.CallListDataflowFactory,2
edu.umd.cs.findbugs.ba.vna.ValueNumberCache,4
edu.umd.cs.findbugs.HTMLBugReporter,6
edu.umd.cs.findbugs.visitclass.LVTHelper,2
edu.umd.cs.findbugs.userAnnotations.ri.XMLFileUserAnnotationPlugin,2
edu.umd.cs.findbugs.sourceViewer.NavigableTextPane,3
edu.umd.cs.findbugs.BugInstanceTest,7
edu.umd.cs.findbugs.charsets.UserTextFile,1
edu.umd.cs.findbugs.ba.FileSourceFileDataSource,3
edu.umd.cs.findbugs.ba.SourceFile,3
edu.umd.cs.findbugs.anttask.FilterBugsTask,5
edu.umd.cs.findbugs.PluginUpdateListener,3
edu.umd.cs.findbugs.graph.GraphToolkit,2
edu.umd.cs.findbugs.classfile.engine.EngineRegistrar,2
edu.umd.cs.findbugs.ba.bcp.PatternElementMatch,2
edu.umd.cs.findbugs.ba.ch.ClassVertex,2
edu.umd.cs.findbugs.util.TypeMatcher,2
edu.umd.cs.findbugs.util.FractionalMultiset,6
edu.umd.cs.findbugs.ba.heap.FieldSet,2
edu.umd.cs.findbugs.detect.FindNonSerializableValuePassedToWriteObject,4
edu.umd.cs.findbugs.cloud.appEngine.AbstractAppEngineCloudTest,1
edu.umd.cs.findbugs.util.TopologicalSort,5
edu.umd.cs.findbugs.detect.CallToUnconditionalThrower,8
edu.umd.cs.findbugs.cloud.AbstractCloudTest,29
edu.umd.cs.findbugs.model.SimilarClassSet,2
edu.umd.cs.findbugs.Analyze,4
edu.umd.cs.findbugs.ProjectStats,22
edu.umd.cs.findbugs.workflow.FileBugHash,9
edu.umd.cs.findbugs.filter.RankMatcher,3
edu.umd.cs.findbugs.AWTEventQueueExecutor,1
edu.umd.cs.findbugs.ba.npe.ReturnValueNullnessPropertyDatabase,2
edu.umd.cs.findbugs.ComponentPlugin,1
edu.umd.cs.findbugs.ba.jsr305.ForwardTypeQualifierDataflow,2
edu.umd.cs.findbugs.ba.npe.IsNullValueAnalysis,13
edu.umd.cs.findbugs.ba.npe.NonNullParamViolation,2
edu.umd.cs.findbugs.ba.interproc.ParameterProperty,3
edu.umd.cs.findbugs.gui2.DisplayNonmodelMessage,8
edu.umd.cs.findbugs.PrintingBugReporter,20
edu.umd.cs.findbugs.detect.XMLFactoryBypass,2
edu.umd.cs.findbugs.LocalVariableAnnotation,15
edu.umd.cs.findbugs.BugPattern,10
edu.umd.cs.findbugs.detect.StreamEquivalenceClass,2
edu.umd.cs.findbugs.classfile.engine.bcel.package-info,2
edu.umd.cs.findbugs.detect.FindReturnRef,6
edu.umd.cs.findbugs.ba.ch.InterproceduralCallGraphEdge,2
edu.umd.cs.findbugs.classfile.IClassObserver,2
edu.umd.cs.findbugs.sourceViewer.HighlightInformation,2
edu.umd.cs.findbugs.ba.PruneInfeasibleExceptionEdges,5
edu.umd.cs.findbugs.classfile.engine.asm.ClassReaderAnalysisEngine,2
edu.umd.cs.findbugs.CallGraph,2
edu.umd.cs.findbugs.ba.DFSEdgeTypes,2
edu.umd.cs.findbugs.annotations.DefaultAnnotationForFields,3
edu.umd.cs.findbugs.DiscoverSourceDirectories,4
edu.umd.cs.findbugs.classfile.impl.SingleFileCodeBaseEntry,2
edu.umd.cs.findbugs.gui2.StackedFilterMatcher,3
edu.umd.cs.findbugs.cloud.appEngine.AppEngineCloudMiscTests,1
edu.umd.cs.findbugs.detect.VolatileUsage,5
edu.umd.cs.findbugs.ba.jsr305.ValidatorClassLoader,5
edu.umd.cs.findbugs.ba.LockChecker,2
edu.umd.cs.findbugs.props.GeneralWarningProperty,4
edu.umd.cs.findbugs.gui2.PropertiesDialog,3
edu.umd.cs.findbugs.gui2.FindBugsProjectFileFilter,1
edu.umd.cs.findbugs.TypeAnnotation,10
edu.umd.cs.findbugs.CallGraphNode,1
edu.umd.cs.findbugs.classfile.engine.package-info,2
edu.umd.cs.findbugs.ba.BlockType,2
edu.umd.cs.findbugs.classfile.engine.bcel.NonImplicitExceptionPostDominatorsAnalysisFactory,2
edu.umd.cs.findbugs.sourceViewer.NumberedViewFactory,2
edu.umd.cs.findbugs.detect.InvalidJUnitTest,7
edu.umd.cs.findbugs.gui2.FilterMatcher,3
edu.umd.cs.findbugs.gui2.FilterFactory,5
edu.umd.cs.findbugs.ba.jsr305.TypeQualifierAnnotation,4
infonodeJava.edu.umd.cs.findbugs.gui2.DockLayout,2
edu.umd.cs.findbugs.classfile.engine.ClassParserInterface,2
edu.umd.cs.findbugs.classfile.impl.ClassPathImpl,3
edu.umd.cs.findbugs.ba.npe.package-info,2
edu.umd.cs.findbugs.classfile.engine.bcel.JavaClassAnalysisEngine,3
edu.umd.cs.findbugs.ba.type.TypeFrame,5
edu.umd.cs.findbugs.ba.BlockOrder,3
edu.umd.cs.findbugs.gui.Logger,1
edu.umd.cs.findbugs.gui2.SortableStringComparator,5
edu.umd.cs.findbugs.ba.jsr305.TypeQualifierResolver,6
edu.umd.cs.findbugs.bcel.OpcodeStackDetector,7
edu.umd.cs.findbugs.log.Logger,3
edu.umd.cs.findbugs.classfile.engine.bcel.UsagesRequiringNonNullValuesFactory,2
edu.umd.cs.findbugs.ba.BackwardDataflowAnalysis,2
edu.umd.cs.findbugs.gui2.SplashFrame,6
edu.umd.cs.findbugs.filter.NotMatcherTest,2
edu.umd.cs.findbugs.cloudInterface.AbstractCloud,1
edu.umd.cs.findbugs.detect.FindBadEqualsImplementation,2
edu.umd.cs.findbugs.ba.ch.package-info,2
edu.umd.cs.findbugs.graph.AbstractGraph,3
edu.umd.cs.findbugs.detect.FindUselessControlFlow,3
edu.umd.cs.findbugs.ba.heap.FieldSetAnalysis,4
edu.umd.cs.findbugs.util.Strings,8
edu.umd.cs.findbugs.cloud.appEngine.AppEngineCloudIssueSyncTests,1
edu.umd.cs.findbugs.ba.constant.ConstantDataflow,2
edu.umd.cs.findbugs.ba.ClassHash,4
edu.umd.cs.findbugs.cloud.appEngine.AppEngineCloudClient,2
edu.umd.cs.findbugs.ba.interproc.PropertyDatabaseFormatException,1
edu.umd.cs.findbugs.cloud.username.WebCloudNameLookup,7
edu.umd.cs.findbugs.ba.npe2.Condition,2
edu.umd.cs.findbugs.detect.InheritanceUnsafeGetResource,4
edu.umd.cs.findbugs.detect.UseObjectEquals,2
edu.umd.cs.findbugs.detect.NoteDirectlyRelevantTypeQualifiers,4
edu.umd.cs.findbugs.detect.AnyMethodReturnValueStreamFactory,2
edu.umd.cs.findbugs.classfile.impl.SingleFileCodeBase,4
edu.umd.cs.findbugs.cloud.appEngine.EvaluationsFromXmlUploader,1
edu.umd.cs.findbugs.ba.heap.package-info,1
edu.umd.cs.findbugs.ba.vna.ValueNumberFactory,5
edu.umd.cs.findbugs.classfile.analysis.ClassInfo,18
edu.umd.cs.findbugs.classfile.engine.bcel.NonImplicitExceptionPostDominatorsAnalysis,2
edu.umd.cs.findbugs.classfile.impl.AbstractScannableCodeBaseEntry,2
edu.umd.cs.findbugs.classfile.engine.bcel.LoadedFieldSetFactory,2
edu.umd.cs.findbugs.detect.CheckCalls,2
edu.umd.cs.findbugs.util.StringMatcher,2
edu.umd.cs.findbugs.ba.DataflowCFGPrinter,2
edu.umd.cs.findbugs.gui2.FindBugsAnalysisFileFilter,3
edu.umd.cs.findbugs.detect.FindUncalledPrivateMethods,3
edu.umd.cs.findbugs.cloud.appEngine.AppEngineCloudEvalsTests,1
edu.umd.cs.findbugs.ParameterWarningSuppressor,2
edu.umd.cs.findbugs.ba.Target,2
edu.umd.cs.findbugs.util.TripleKeyHashMap,2
edu.umd.cs.findbugs.ba.obl.MatchMethodEntry,6
edu.umd.cs.findbugs.ba.SignatureParser,4
edu.umd.cs.findbugs.ba.ch.InterproceduralCallGraphVertex,2
edu.umd.cs.findbugs.util.WriteOnceProperties,4
edu.umd.cs.findbugs.ba.obl.ObligationPolicyDatabaseEntryType,2
edu.umd.cs.findbugs.annotations.UnknownNullness,3
edu.umd.cs.findbugs.gui2.MainFrame,102
edu.umd.cs.findbugs.ba.CFG,9
edu.umd.cs.findbugs.detect.TrainLongInstantfParams,5
edu.umd.cs.findbugs.detect.NonNullReturnProperty,2
edu.umd.cs.findbugs.ba.bcp.ByteCodePatternMatch,3
edu.umd.cs.findbugs.util.MergeMap,5
edu.umd.cs.findbugs.ba.constant.ConstantFrameModelingVisitor,2
edu.umd.cs.findbugs.plan.ByInterfaceDetectorFactorySelector,3
edu.umd.cs.findbugs.detect.AtomicityProblem,5
edu.umd.cs.findbugs.detect.NoiseNullDeref,12
edu.umd.cs.findbugs.ba.RepositoryLookupFailureCallback,2
edu.umd.cs.findbugs.gui2.MainFrameComponentFactory,3
net.jcip.annotations.NotThreadSafe,2
edu.umd.cs.findbugs.ba.bcp.PatternMatcher,3
edu.umd.cs.findbugs.cloud.username.LocalNameLookup,7
edu.umd.cs.findbugs.GlobalOptions,1
edu.umd.cs.findbugs.asm.FBMethodVisitor,1
edu.umd.cs.findbugs.internalAnnotations.DottedClassName,3
edu.umd.cs.findbugs.detect.LoadOfKnownNullValue,4
edu.umd.cs.findbugs.util.Util,25
edu.umd.cs.findbugs.SAXBugCollectionHandlerTest,7
edu.umd.cs.findbugs.annotations.NoWarning,9
edu.umd.cs.findbugs.ba.bcp.BindingSet,2
edu.umd.cs.findbugs.detect.NoteAnnotationRetention,5
edu.umd.cs.findbugs.gui2.NewFilterFrame,6
edu.umd.cs.findbugs.ba.constant.ConstantAnalysis,3
edu.umd.cs.findbugs.ba.ResourceTracker,3
edu.umd.cs.findbugs.detect.InefficientToArray,2
edu.umd.cs.findbugs.workflow.MergeSummarizeAndfView,4
edu.umd.cs.findbugs.gui2.SaveTypeTest,4
edu.umd.cs.findbugs.ba.jsr305.AbstractMethodAnnotationAccumulator,3
edu.umd.cs.findbugs.classfile.engine.bcel.ConstantDataflowFactory,2
edu.umd.cs.findbugs.detect.InfiniteRecursiveLoop,4
edu.umd.cs.findbugs.cloud.BugCollectionStorageCloud,44
edu.umd.cs.findbugs.gui.SwingGUIBugReporter,1
edu.umd.cs.findbugs.cloud.username.PromptForNameLookup,8
edu.umd.cs.findbugs.ba.constant.package-info,1
edu.umd.cs.findbugs.ba.type.TypeDataflow,2
edu.umd.cs.findbugs.NonReportingDetectorToDetector2Adapter,2
edu.umd.cs.findbugs.classfile.FieldOrMethodDescriptor,9
edu.umd.cs.findbugs.ba.obl.ObligationSet,3
edu.umd.cs.findbugs.gui2.SourceCodeDisplay,9
edu.umd.cs.findbugs.classfile.impl.AbstractScannableCodeBase,4
edu.umd.cs.findbugs.ba.Hierarchy,8
edu.umd.cs.findbugs.ProjectPackagePrefixes,14
edu.umd.cs.findbugs.gui2.BugLeafNode,3
edu.umd.cs.findbugs.gui.ConfigureDetectorsDialog,1
edu.umd.cs.findbugs.OpcodeStack,61
edu.umd.cs.findbugs.util.SplitCamelCaseIdentifier,1
edu.umd.cs.findbugs.ba.npe2.NullnessValue,2
edu.umd.cs.findbugs.ba.ca.Call,2
edu.umd.cs.findbugs.bcel.AnnotationDetector,2
edu.umd.cs.findbugs.ba.type.TypeMerger,2
edu.umd.cs.findbugs.gui2.SourceDirectoryWizard,5
edu.umd.cs.findbugs.gui2.FindBugsFileFilter,2
edu.umd.cs.findbugs.workflow.TreemapVisualization,7
edu.umd.cs.findbugs.annotations.DesireNoWarning,1
edu.umd.cs.findbugs.internalAnnotations.SlashedClassName,6
edu.umd.cs.findbugs.model.SimilarClassFinder,2
edu.umd.cs.findbugs.FindBugsCommandLine,9
edu.umd.cs.findbugs.Lookup,4
edu.umd.cs.findbugs.classfile.ReflectionDatabaseFactory,2
edu.umd.cs.findbugs.ba.npe.TypeQualifierNullnessAnnotationDatabase,8
edu.umd.cs.findbugs.ba.DominatorsAnalysis,2
edu.umd.cs.findbugs.ba.npe.IsNullValueTest,2
edu.umd.cs.findbugs.Tokenizer,2
edu.umd.cs.findbugs.ba.type.ExceptionSet,3
edu.umd.cs.findbugs.filter.SignatureUtil,3
edu.umd.cs.findbugs.ba.JCIPAnnotationDatabase,4
edu.umd.cs.findbugs.ba.jsr305.TypeQualifierValue,11
edu.umd.cs.findbugs.ba.interproc.MethodPropertyDatabase,4
edu.umd.cs.findbugs.ResourceCreationPoint,2
edu.umd.cs.findbugs.ba.BetterCFGBuilder2,10
edu.umd.cs.findbugs.gui2.OriginalGUI2ProjectFile,1
edu.umd.cs.findbugs.FindBugsTestCase,13
edu.umd.cs.findbugs.detect.MethodReturnValueStreamFactory,2
edu.umd.cs.findbugs.FatalException,2
edu.umd.cs.findbugs.visitclass.Constants2,2
edu.umd.cs.findbugs.BugCategory,3
edu.umd.cs.findbugs.ba.URLClassPathRepository,2
edu.umd.cs.findbugs.classfile.engine.asm.EngineRegistrar,2
edu.umd.cs.findbugs.detect.FindSqlInjection,8
edu.umd.cs.findbugs.ba.DataflowAnalysis,2
edu.umd.cs.findbugs.ba.XClass,5
edu.umd.cs.findbugs.classfile.IDatabaseFactory,2
edu.umd.cs.findbugs.detect.RuntimeExceptionCapture,5
edu.umd.cs.findbugs.Plugin,41
edu.umd.cs.findbugs.gui2.OSXAdapter,2
edu.umd.cs.findbugs.BugCollectionBugReporter,13
edu.umd.cs.findbugs.detect.FunctionsThatMightBeMistakenForProcedures,15
net.jcip.annotations.Immutable,1
edu.umd.cs.findbugs.classfile.engine.bcel.DominatorsAnalysisFactory,2
edu.umd.cs.findbugs.ba.deref.UnconditionalValueDerefDataflow,2
edu.umd.cs.findbugs.FuzzyBugComparator,4
edu.umd.cs.findbugs.SelfCalls,2
edu.umd.cs.findbugs.ba.ch.InheritanceGraph,2
edu.umd.cs.findbugs.classfile.engine.bcel.ClassContextClassAnalysisEngine,2
edu.umd.cs.findbugs.InstructionScanner,2
edu.umd.cs.findbugs.classfile.impl.package-info,2
edu.umd.cs.findbugs.classfile.impl.ZipFileCodeBase,8
edu.umd.cs.findbugs.ba.ca.CallListDataflow,2
edu.umd.cs.findbugs.ba.CFGBuilderFactory,2
edu.umd.cs.findbugs.ba.heap.LoadDataflow,1
edu.umd.cs.findbugs.gui.AnnotatedString,1
edu.umd.cs.findbugs.classfile.impl.ZipFileCodeBaseEntry,3
edu.umd.cs.findbugs.filter.StringSetMatch,2
edu.umd.cs.findbugs.classfile.IClassPath,3
edu.umd.cs.findbugs.ba.NullnessAnnotationDatabase,7
edu.umd.cs.findbugs.ba.heap.StoreAnalysis,2
edu.umd.cs.findbugs.visitclass.PreorderVisitorTest,3
edu.umd.cs.findbugs.cloud.appEngine.AppEngineCloudAuthTests,1
edu.umd.cs.findbugs.classfile.engine.bcel.AnalysisFactory,2
edu.umd.cs.findbugs.ba.bcp.Invoke,4
edu.umd.cs.findbugs.filter.DesignationMatcher,2
edu.umd.cs.findbugs.classfile.engine.bcel.UnconditionalValueDerefDataflowFactory,2
edu.umd.cs.findbugs.ba.jsr305.SourceSinkType,3
edu.umd.cs.findbugs.ba.bcp.FieldAccess,2
edu.umd.cs.findbugs.gui2.FindBugsLayoutManager,5
edu.umd.cs.findbugs.ba.vna.ValueNumber,6
edu.umd.cs.findbugs.workflow.MergeSummarizeAndView,27
edu.umd.cs.findbugs.CommandLineUiCallback,23
edu.umd.cs.findbugs.config.AnalysisFeatureSetting,3
edu.umd.cs.findbugs.ba.InnerClassAccess,3
edu.umd.cs.findbugs.ba.deref.UnconditionalValueDerefSet,5
edu.umd.cs.findbugs.bugReporter.BugReporterDecorator,5
edu.umd.cs.findbugs.ba.ca.CallList,2
edu.umd.cs.findbugs.filter.Matcher,2
edu.umd.cs.findbugs.TextUICommandLine,33
edu.umd.cs.findbugs.gui.AnalysisRun,3
edu.umd.cs.findbugs.ba.jsr305.TypeQualifierDatabase,4
edu.umd.cs.findbugs.detect.DoInsideDoPrivileged,3
edu.umd.cs.findbugs.util.RegexStringMatcher,2
edu.umd.cs.findbugs.util.EditDistance,6
edu.umd.cs.findbugs.visitclass.AnnotationVisitor,5
edu.umd.cs.findbugs.detect.InconsistentAnnotations,3
edu.umd.cs.findbugs.gui2.FilterFactoryTest,1
edu.umd.cs.findbugs.ba.jsr305.TypeQualifierDataflow,2
edu.umd.cs.findbugs.ba.type.ExceptionSetFactory,2
edu.umd.cs.findbugs.cloud.CloudFactory,39
edu.umd.cs.findbugs.annotations.ReturnValuesAreNonnullByDefault,3
edu.umd.cs.findbugs.model.ClassNameRewriterUtil,2
edu.umd.cs.findbugs.XMLBugReporter,14
edu.umd.cs.findbugs.ErrorCountingBugReporter,3
edu.umd.cs.findbugs.detect.FindBadCast2,12
edu.umd.cs.findbugs.classfile.engine.AbstractMethodVisitor,2
edu.umd.cs.findbugs.SortedBugCollection,76
edu.umd.cs.findbugs.tools.html.PrettyPrintBugDescriptions,2
edu.umd.cs.findbugs.ba.SignatureConverter,2
edu.umd.cs.findbugs.sourceViewer.JavaSourceDocument,2
edu.umd.cs.findbugs.ba.CheckReturnValueAnnotation,5
edu.umd.cs.findbugs.ba.npe.IsNullValueDataflow,1
edu.umd.cs.findbugs.detect.LostLoggerDueToWeakReference,9
edu.umd.cs.findbugs.JavaVersionException,2
edu.umd.cs.findbugs.classfile.IAnalysisCache,4
edu.umd.cs.findbugs.ba.ClassSummary,6
edu.umd.cs.findbugs.cloudInterface.CloudFactory,1
edu.umd.cs.findbugs.gui2.MainFrameHelper,4
edu.umd.cs.findbugs.util.ContainsCamelCaseWordStringMatcher,4
edu.umd.cs.findbugs.ba.ch.Subtypes2Test,2
edu.umd.cs.findbugs.cloud.NameLookup,2
edu.umd.cs.findbugs.tools.FilterPropertyDatabase,6
edu.umd.cs.findbugs.ba.obl.StateSet,4
edu.umd.cs.findbugs.ba.ch.Subtypes2,17
edu.umd.cs.findbugs.ba.generic.GenericSignatureParserTest,3
edu.umd.cs.findbugs.ba.bcp.SingleInstruction,2
edu.umd.cs.findbugs.tools.xml.CheckMessages,5
edu.umd.cs.findbugs.detect.InfiniteRecursiveLoop2,4
edu.umd.cs.findbugs.detect.IteratorIdioms,2
edu.umd.cs.findbugs.ba.AbstractClassMember,2
edu.umd.cs.findbugs.util.Multiset,11
edu.umd.cs.findbugs.util.ClassNameTest,4
edu.umd.cs.findbugs.gui2.FindBugsFBAFileFilter,2
edu.umd.cs.findbugs.ba.bcp.FieldVariable,2
edu.umd.cs.findbugs.ba.SignatureParserTest,2
edu.umd.cs.findbugs.filter.CompoundMatcher,3
edu.umd.cs.findbugs.ResourceCollection,2
edu.umd.cs.findbugs.jaif.JAIFToken,2
edu.umd.cs.findbugs.cloud.db.LocalNameLookup,2
edu.umd.cs.findbugs.ba.BasicBlock,5
edu.umd.cs.findbugs.ba.XField,3
edu.umd.cs.findbugs.FilterBugReporter,2
edu.umd.cs.findbugs.FindBugs,33
edu.umd.cs.findbugs.annotations.DischargesObligation,2
edu.umd.cs.findbugs.charsets.SourceCharset,1
edu.umd.cs.findbugs.detect.AppendingToAnObjectOutputStream,2
edu.umd.cs.findbugs.DelegatingBugReporter,3
edu.umd.cs.findbugs.gui2.FBFileChooser,2
edu.umd.cs.findbugs.visitclass.DismantleBytecodeTest,3
edu.umd.cs.findbugs.ba.type.TopType,2
edu.umd.cs.findbugs.ba.ClassNotFoundExceptionParser,4
edu.umd.cs.findbugs.ba.vna.AvailableLoad,2
edu.umd.cs.findbugs.ba.obl.package-info,2
edu.umd.cs.findbugs.BugAccumulator,13
edu.umd.cs.findbugs.ba.vna.LoadedFieldSet,2
edu.umd.cs.findbugs.annotations.SuppressWarnings,2
edu.umd.cs.findbugs.classfile.IAnalysisEngineRegistrar,2
edu.umd.cs.findbugs.classfile.IMethodAnalysisEngine,2
edu.umd.cs.findbugs.ba.bcp.Monitorenter,2
edu.umd.cs.findbugs.detect.RefComparisonWarningProperty,3
edu.umd.cs.findbugs.gui2.FindBugsFBPFileFilter,2
edu.umd.cs.findbugs.detect.UselessSubclassMethod,4
edu.umd.cs.findbugs.detect.FindOpenStream,7
edu.umd.cs.findbugs.PropertyBundle,7
edu.umd.cs.findbugs.cloudInterface.Cloud,1
edu.umd.cs.findbugs.ba.obl.State,2
edu.umd.cs.findbugs.ba.vna.ValueNumberDataflow,3
edu.umd.cs.findbugs.detect.BooleanReturnNull,4
edu.umd.cs.findbugs.classfile.ICodeBase,2
edu.umd.cs.findbugs.ba.type.ExceptionObjectType,2
edu.umd.cs.findbugs.ba.InstructionHandleMap,2
edu.umd.cs.findbugs.detect.DumbMethods,39
edu.umd.cs.findbugs.ba.AbstractDataflowTestDriver,1
edu.umd.cs.findbugs.ba.MethodHash,4
edu.umd.cs.findbugs.gui2.CloudCommentsPaneSwing,3
edu.umd.cs.findbugs.classfile.engine.SelfMethodCalls,4
edu.umd.cs.findbugs.BytecodeScanningDetector,3
edu.umd.cs.findbugs.classfile.impl.DirectoryCodeBase,3
edu.umd.cs.findbugs.ba.ObjectTypeFactory,6
edu.umd.cs.findbugs.ba.TestCaseDetector,2
edu.umd.cs.findbugs.gui2.BugSet,9
edu.umd.cs.findbugs.gui.RunAnalysisDialog,2
edu.umd.cs.findbugs.ba.CFGPrinter,3
edu.umd.cs.findbugs.ba.vna.ValueNumberFrame,8
edu.umd.cs.findbugs.annotations.DefaultAnnotation,3
edu.umd.cs.findbugs.classfile.engine.bcel.UnpackedBytecodeCallback,2
edu.umd.cs.findbugs.anttask.MineBugHistoryTask,2
edu.umd.cs.findbugs.FindBugsMain,2
edu.umd.cs.findbugs.WarningSuppressor,2
net.jcip.annotations.GuardedBy,2
edu.umd.cs.findbugs.config.ProjectFilterSettingsTest,5
edu.umd.cs.findbugs.graph.Graph,2
edu.umd.cs.findbugs.visitclass.DismantleBytecode,14
edu.umd.cs.findbugs.jaif.JAIFScannerTest,2
edu.umd.cs.findbugs.ba.bcp.Load,2
edu.umd.cs.findbugs.ba.PutfieldScanner,5
edu.umd.cs.findbugs.ResourceTrackingDetector,6
edu.umd.cs.findbugs.ba.jsr305.DirectlyRelevantTypeQualifiersDatabase,3
edu.umd.cs.findbugs.CallSite,2
edu.umd.cs.findbugs.PluginException,2
edu.umd.cs.findbugs.ba.ReverseDepthFirstSearch,2
edu.umd.cs.findbugs.ba.bcp.Opcode,2
edu.umd.cs.findbugs.ba.Debug,2
edu.umd.cs.findbugs.annotations.DefaultAnnotationForMethods,3
edu.umd.cs.findbugs.gui2.BugSaver,3
edu.umd.cs.findbugs.annotations.DesireWarning,1
edu.umd.cs.findbugs.detect.FindCircularDependencies,2
edu.umd.cs.findbugs.detect.FindFloatMath,2
edu.umd.cs.findbugs.ba.type.BottomType,2
edu.umd.cs.findbugs.workflow.MineBugHistory,9
edu.umd.cs.findbugs.classfile.package-info,3
edu.umd.cs.findbugs.detect.FindNonShortCircuit,2
edu.umd.cs.findbugs.ba.generic.GenericSignatureParser,5
edu.umd.cs.findbugs.ba.LiveLocalStoreDataflow,2
edu.umd.cs.findbugs.Detector2,2
edu.umd.cs.findbugs.detect.DroppedException,8
edu.umd.cs.findbugs.detect.BadSyntaxForRegularExpression,7
edu.umd.cs.findbugs.tools.FilterAndCombineBitfieldPropertyDatabase,7
edu.umd.cs.findbugs.detect.ReflectiveClasses,4
edu.umd.cs.findbugs.xml.XMLWriteable,2
edu.umd.cs.findbugs.detect.URLProblems,2
edu.umd.cs.findbugs.classfile.ICodeBaseEntry,2
edu.umd.cs.findbugs.ba.jsr305.FindBugsDefaultAnnotations,3
edu.umd.cs.findbugs.ba.generic.GenericUtilities,10
edu.umd.cs.findbugs.classfile.impl.DelegatingCodeBaseIterator,2
edu.umd.cs.findbugs.classfile.impl.ZipCodeBaseFactory,4
edu.umd.cs.findbugs.util.MultiMap,5
edu.umd.cs.findbugs.detect.IntCast2LongAsInstant,8
edu.umd.cs.findbugs.ba.RepositoryClassParser,3
edu.umd.cs.findbugs.ba.npe.ParameterNullnessProperty,1
edu.umd.cs.findbugs.gui.ConsoleLogger,1
edu.umd.cs.findbugs.cloud.appEngine.MockAppEngineCloudClient,1
edu.umd.cs.findbugs.config.InvocationEnvironment,2
edu.umd.cs.findbugs.util.SubtypeTypeMatcher,5
edu.umd.cs.findbugs.ba.AnnotationEnumeration,3
edu.umd.cs.findbugs.IntAnnotation,3
edu.umd.cs.findbugs.props.PriorityAdjustment,5
edu.umd.cs.findbugs.workflow.CloudReport,3
edu.umd.cs.findbugs.classfile.engine.bcel.ObligationDataflowFactory,4
edu.umd.cs.findbugs.userAnnotations.UserAnnotationPlugin,4
edu.umd.cs.findbugs.detect.SuperfluousInstanceOf,2
edu.umd.cs.findbugs.ba.jsr305.ParameterAnnotationAccumulator,4
edu.umd.cs.findbugs.props.AbstractWarningProperty,2
edu.umd.cs.findbugs.BugDesignation,13
edu.umd.cs.findbugs.ba.npe.LocationWhereValueBecomesNull,2
edu.umd.cs.findbugs.detect.BuildUnconditionalParamDerefDatabase,11
edu.umd.cs.findbugs.ba.generic.GenericUtilitiesTest,3
edu.umd.cs.findbugs.gui2.HashList,2
edu.umd.cs.findbugs.annotations.Priority,3
edu.umd.cs.findbugs.cloud.NotSignedInException,2
edu.umd.cs.findbugs.xml.QuoteMetaCharacters,2
edu.umd.cs.findbugs.classfile.engine.bcel.DefinitelyNullSetDataflowFactory,3
edu.umd.cs.findbugs.detect.CbeckMustOverrideSuperAnnotation,3
edu.umd.cs.findbugs.gui2.ClearGuiSaveState,3
edu.umd.cs.findbugs.graph.AbstractEdge,4
edu.umd.cs.findbugs.jaif.JAIFSyntaxException,2
edu.umd.cs.findbugs.ba.AnalysisFeatures,4
edu.umd.cs.findbugs.detect.IncompatMaskTest,4
edu.umd.cs.findbugs.ba.PruneUnconditionalExceptionThrowerEdges,10
edu.umd.cs.findbugs.detect.FindLocalSelfAssignment2,3
edu.umd.cs.findbugs.cloud.username.AppEngineNameLookup,18
edu.umd.cs.findbugs.bcel.generic.NULL2Z,2
edu.umd.cs.findbugs.ba.npe.NullValueUnconditionalDeref,3
edu.umd.cs.findbugs.detect.FindBadCast,2
edu.umd.cs.findbugs.config.ProjectFilterSettings,6
edu.umd.cs.findbugs.props.WarningPropertySet,9
edu.umd.cs.findbugs.cloud.appEngine.AppEngineCloudNetworkClient,2
edu.umd.cs.findbugs.plugins.DuplicatePluginIdDescriptor,3
edu.umd.cs.findbugs.visitclass.BetterVisitor,2
edu.umd.cs.findbugs.detect.IOStreamFactory,2
edu.umd.cs.findbugs.ba.obl.ObligationPolicyDatabaseAction,5
edu.umd.cs.findbugs.ba.npe.NullDerefAndRedundantComparisonCollector,5
edu.umd.cs.findbugs.ba.Frame,5
edu.umd.cs.findbugs.cloud.appEngine.AppEngineCloudCallbackTests,1
edu.umd.cs.findbugs.filter.PriorityMatcher,2
edu.umd.cs.findbugs.gui.LogSync,1
edu.umd.cs.findbugs.detect.DefaultEncodingDetector,6
edu.umd.cs.findbugs.classfile.engine.bcel.LoadDataflowFactory,2
edu.umd.cs.findbugs.ba.jsr305.ParameterAnnotationLookupResult,2
edu.umd.cs.findbugs.AnalysisCacheToRepositoryAdapter,2
edu.umd.cs.findbugs.filter.MemberMatcher,3
edu.umd.cs.findbugs.asm.ClassNodeDetector,2
edu.umd.cs.findbugs.IGuiCallback,23
edu.umd.cs.findbugs.ba.OpcodeStackScanner,5
edu.umd.cs.findbugs.ba.npe.ParameterNullnessPropertyDatabase,3
edu.umd.cs.findbugs.ba.jsr305.BackwardTypeQualifierDataflowAnalysis,4
edu.umd.cs.findbugs.gui.AboutDialog,2
edu.umd.cs.findbugs.classfile.ClassNameMismatchException,2
edu.umd.cs.findbugs.ba.jsr305.JSR305NullnessAnnotations,2
edu.umd.cs.findbugs.detect.TrainUnconditionalDerefParams,4
edu.umd.cs.findbugs.architecture.PackageDependenciesTest,9
edu.umd.cs.findbugs.detect.FindUninitializedGet,12
edu.umd.cs.findbugs.ba.LockDataflow,2
edu.umd.cs.findbugs.anttask.FindBugsViewerTask,4
edu.umd.cs.findbugs.detect.FindInconsistentSync2,11
edu.umd.cs.findbugs.detect.FindHEmismatch,12
edu.umd.cs.findbugs.classfile.engine.bcel.CFGFactory,6
edu.umd.cs.findbugs.detect.FindTwoLockWait,3
edu.umd.cs.findbugs.ba.type.ThrownException,2
edu.umd.cs.findbugs.plugins.DuplicatePluginIdError,1
edu.umd.cs.findbugs.graph.MergeVertices,2
edu.umd.cs.findbugs.graph.DepthFirstSearch,2
edu.umd.cs.findbugs.gui2.FBFrame,4
edu.umd.cs.findbugs.detect.FindRefComparison,44
edu.umd.cs.findbugs.cloud.MutableCloudTask,4
edu.umd.cs.findbugs.anttask.UnionBugs2,6
edu.umd.cs.findbugs.classfile.engine.bcel.DepthFirstSearchFactory,2
edu.umd.cs.findbugs.BugReporter,4
edu.umd.cs.findbugs.sourceViewer.JavaScanner,2
edu.umd.cs.findbugs.ba.UnresolvedXMethod,11
edu.umd.cs.findbugs.detect.FindDeadLocalStores,13
edu.umd.cs.findbugs.classfile.engine.bcel.IsNullValueDataflowFactory,3
edu.umd.cs.findbugs.xml.Dom4JXMLOutput,4
edu.umd.cs.findbugs.FindBugsProgress,3
edu.umd.cs.findbugs.ba.AnnotationRetentionDatabase,3
edu.umd.cs.findbugs.bugReporter.SuppressionDecorator,9
edu.umd.cs.findbugs.ba.jsr305.SourceSinkInfo,3
edu.umd.cs.findbugs.PackageMemberAnnotation,12
edu.umd.cs.findbugs.ba.obl.ObligationFactory,5
edu.umd.cs.findbugs.detect.InconsistentSyncWarningProperty,3
edu.umd.cs.findbugs.cloud.db.AppEngineNameLookup,5
edu.umd.cs.findbugs.ba.AnalysisCacheToAnalysisContextAdapter,11
edu.umd.cs.findbugs.classfile.engine.bcel.LiveLocalStoreDataflowFactory,3
edu.umd.cs.findbugs.cloud.OnlineCloud,1
edu.umd.cs.findbugs.config.CommandLine,9
edu.umd.cs.findbugs.gui2.AbstractSwingGuiCallback,4
edu.umd.cs.findbugs.annotations.OverrideMustInvoke,3
edu.umd.cs.findbugs.ba.XFactory,9
edu.umd.cs.findbugs.ba.npe.IsNullConditionDecision,3
edu.umd.cs.findbugs.util.ProfilingMapCache,3
edu.umd.cs.findbugs.detect.ResolveAllReferences,2
edu.umd.cs.findbugs.launchGUI.LaunchGUI,3
edu.umd.cs.findbugs.classfile.engine.bcel.AssignedFieldMapFactory,2
edu.umd.cs.findbugs.ba.bcp.New,2
edu.umd.cs.findbugs.filter.MethodMatcher,3
edu.umd.cs.findbugs.ml.SplitCamelCaseIdentifier,2
edu.umd.cs.findbugs.IClassScreener,2
edu.umd.cs.findbugs.IFindBugsEngine,6
edu.umd.cs.findbugs.xml.XMLOutput,3
edu.umd.cs.findbugs.graph.VertexChooser,2
edu.umd.cs.findbugs.util.DualKeyHashMap,4
edu.umd.cs.findbugs.ba.obl.ObligationPolicyDatabase,4
edu.umd.cs.findbugs.workflow.RebornIssues,7
edu.umd.cs.findbugs.detect.CrossSiteScripting,10
edu.umd.cs.findbugs.ba.obl.ObligationPolicyDatabaseEntry,4
edu.umd.cs.findbugs.ba.BytecodeScanner,2
edu.umd.cs.findbugs.ClassScreenerTest,2
edu.umd.cs.findbugs.classfile.impl.NestedZipFileCodeBaseLocator,2
edu.umd.cs.findbugs.ba.npe2.Decision,2
edu.umd.cs.findbugs.JavaVersion,2
edu.umd.cs.findbugs.detect.IncompatMask,6
edu.umd.cs.findbugs.CategoryFilteringBugReporter,2
edu.umd.cs.findbugs.classfile.FieldDescriptor,4
edu.umd.cs.findbugs.gui2.FBDialog,2
edu.umd.cs.findbugs.util.TestDesktopIntegration,6
edu.umd.cs.findbugs.mbeans.AnalysisMXBean,2
edu.umd.cs.findbugs.userAnnotations.ri.JDBCUserAnnotationPlugin,16
edu.umd.cs.findbugs.workflow.RejarClassesForAnalysis,27
edu.umd.cs.findbugs.Footprint,4
edu.umd.cs.findbugs.detect.FindJSR166LockMonitorenter,11
edu.umd.cs.findbugs.detect.BuildCheckReturnAnnotationDatabase,8
edu.umd.cs.findbugs.TestDesktopIntegration,7
edu.umd.cs.findbugs.workflow.Filter,39
edu.umd.cs.findbugs.annotations.NonNull,3
edu.umd.cs.findbugs.detect.FindNullDerefsInvolvingNonShortCircuitEvaluation,3
edu.umd.cs.findbugs.detect.InfiniteLoop,6
edu.umd.cs.findbugs.QueryBugAnnotations,3
edu.umd.cs.findbugs.util.NullIterator,3
edu.umd.cs.findbugs.NewResults,3
edu.umd.cs.findbugs.model.MovedClassMap,2
edu.umd.cs.findbugs.SystemProperties,19
edu.umd.cs.findbugs.classfile.RecomputableClassAnalysisEngine,2
edu.umd.cs.findbugs.tools.html.ColorAlternator,2
edu.umd.cs.findbugs.cloud.AbstractCloud,75
edu.umd.cs.findbugs.workflow.DefectDensity,6
edu.umd.cs.findbugs.gui2.Sortables,24
edu.umd.cs.findbugs.workflow.SourceSearcher,5
edu.umd.cs.findbugs.ba.ResourceValue,2
edu.umd.cs.findbugs.tools.html.PlainPrintBugDescriptions,2
edu.umd.cs.findbugs.ba.JavaClassAndMethodChooser,2
edu.umd.cs.findbugs.OpcodeStackItemTest,2
edu.umd.cs.findbugs.ba.LockSet,2
edu.umd.cs.findbugs.ba.MethodUnprofitableException,2
edu.umd.cs.findbugs.annotations.ExpectWarning,2
edu.umd.cs.findbugs.graph.AbstractVertex,3
edu.umd.cs.findbugs.BugInstance,106
edu.umd.cs.findbugs.ba.generic.TestGenericObjectType,3
edu.umd.cs.findbugs.classfile.impl.NestedZipFileCodeBase,4
edu.umd.cs.findbugs.detect.FindUnsyncGet,2
edu.umd.cs.findbugs.classfile.engine.bcel.NonExceptionPostdominatorsAnalysisFactory,2
edu.umd.cs.findbugs.detect.NoteSuppressedWarnings,4
edu.umd.cs.findbugs.gui2.BugRenderer,6
edu.umd.cs.findbugs.classfile.analysis.package-info,1
edu.umd.cs.findbugs.config.SortedProperties,2
edu.umd.cs.findbugs.FindBugsAnalysisFeatures,3
edu.umd.cs.findbugs.classfile.impl.ZipInputStreamCodeBase,4
edu.umd.cs.findbugs.detect.FindDoubleCheck,3
edu.umd.cs.findbugs.gui2.CompoundMatcher,2
edu.umd.cs.findbugs.gui2.FilterActivity,2
edu.umd.cs.findbugs.AnalysisError,3
edu.umd.cs.findbugs.classfile.analysis.ClassData,3
edu.umd.cs.findbugs.ba.InnerClassAccessMap,5
edu.umd.cs.findbugs.ba.type.DoubleExtraType,2
edu.umd.cs.findbugs.cloud.db.DBStats,9
edu.umd.cs.findbugs.ba.heap.LoadAnalysis,2
edu.umd.cs.findbugs.gui2.AboutDialog,6
edu.umd.cs.findbugs.detect.NoteNonNullAnnotations,2
edu.umd.cs.findbugs.DetectorsTest,11
edu.umd.cs.findbugs.charsets.UTF8,4
edu.umd.cs.findbugs.workflow.RecursiveSearchForJavaFiles,2
edu.umd.cs.findbugs.detect.FindMismatchedWaitOrNotify,2
edu.umd.cs.findbugs.detect.Naming,22
edu.umd.cs.findbugs.classfile.engine.bcel.TypeDataflowFactory,4
edu.umd.cs.findbugs.gui2.PreferencesFrame,4
edu.umd.cs.findbugs.workflow.UnionResults,12
edu.umd.cs.findbugs.detect.FindEmptySynchronizedBlock,2
edu.umd.cs.findbugs.classfile.MissingClassException,2
edu.umd.cs.findbugs.ba.npe2.DefinitelyNullSet,2
edu.umd.cs.findbugs.ba.npe2.DefinitelyNullSetDataflow,2
edu.umd.cs.findbugs.gui2.HelpDialog,2
edu.umd.cs.findbugs.annotations.DesireNoWarning,8
edu.umd.cs.findbugs.detect.FindUnconditionalWait,3
edu.umd.cs.findbugs.props.WarningProperty,2
edu.umd.cs.findbugs.ba.Location,2
edu.umd.cs.findbugs.ba.ComparableField,1
edu.umd.cs.findbugs.util.MapCache,3
edu.umd.cs.findbugs.detect.TrainFieldStoreTypes,3
edu.umd.cs.findbugs.ba.MissingClassException,3
edu.umd.cs.findbugs.ba.IncompatibleTypes,20
edu.umd.cs.findbugs.ba.npe2.TestDefinitelyNullSet,3
edu.umd.cs.findbugs.detect.InitializationChain,2
edu.umd.cs.findbugs.ba.FrameDataflowAnalysis,5
edu.umd.cs.findbugs.gui2.AbstractSwingGuiCallback,2
edu.umd.cs.findbugs.cloud.appEngine.BugFilingHelper,2
edu.umd.cs.findbugs.MethodAnnotation,19
edu.umd.cs.findbugs.internalAnnotations.SlashedClassNameTest,5
edu.umd.cs.findbugs.ml.GenerateUIDs,3
edu.umd.cs.findbugs.annotations.NoWarning,2
edu.umd.cs.findbugs.gui2.SpringUtilities,4
edu.umd.cs.findbugs.jaif.JAIFEnumConstant,2
edu.umd.cs.findbugs.ba.StaticField,1
edu.umd.cs.findbugs.BugAnnotation,3
edu.umd.cs.findbugs.detect.FindFieldSelfAssignment,13
edu.umd.cs.findbugs.ba.ClassMember,4
edu.umd.cs.findbugs.BugCollection,22
edu.umd.cs.findbugs.detect.StreamEscape,2
edu.umd.cs.findbugs.classfile.analysis.FieldInfo,4
edu.umd.cs.findbugs.tools.html.PrintBugDescriptions,3
edu.umd.cs.findbugs.ba.type.package-info,2
net.jcip.annotations.ThreadSafe,2
edu.umd.cs.findbugs.ba.AssertionMethods,6
edu.umd.cs.findbugs.ba.npe.NonNullSpecification,3
edu.umd.cs.findbugs.ba.SourceFileDataSource,3
edu.umd.cs.findbugs.filter.NotMatcher,2
edu.umd.cs.findbugs.ba.type.StandardTypeMerger,8
edu.umd.cs.findbugs.ba.Edge,4
edu.umd.cs.findbugs.annotations.CheckForNull,3
edu.umd.cs.findbugs.detect.TestingGround2,4
edu.umd.cs.findbugs.detect.CheckTypeQualifiers,11
edu.umd.cs.findbugs.anttask.DataFile,2
edu.umd.cs.findbugs.detect.StreamResourceTracker,3
edu.umd.cs.findbugs.workflow.CopyBuggySource,18
edu.umd.cs.findbugs.ba.jsr305.TypeQualifierDataflowAnalysis,3
edu.umd.cs.findbugs.classfile.engine.bcel.BlockTypeAnalysisFactory,2
edu.umd.cs.findbugs.AnalysisOptions,5
edu.umd.cs.findbugs.ba.AssignedFieldMap,2
edu.umd.cs.findbugs.detect.MutableLock,2
edu.umd.cs.findbugs.gui.OSXAdapter,1
edu.umd.cs.findbugs.gui2.ProjectSettings,5
edu.umd.cs.findbugs.classfile.InvalidClassFileFormatException,2
edu.umd.cs.findbugs.workflow.Update,27
edu.umd.cs.findbugs.classfile.impl.ZipInputStreamCodeBaseEntry,3
edu.umd.cs.findbugs.workflow.ListBugDatabaseInfo,7
edu.umd.cs.findbugs.jaif.JAIFParser,2
edu.umd.cs.findbugs.detect.ExplicitSerialization,2
edu.umd.cs.findbugs.gui2.NewFilterFromBug,5
edu.umd.cs.findbugs.model.RegenerateClassFeatures,5
edu.umd.cs.findbugs.workflow.CountClassVersions,5
edu.umd.cs.findbugs.SortingBugReporter,5
edu.umd.cs.findbugs.ba.EdgeTypes,3
edu.umd.cs.findbugs.ba.jsr305.TypeQualifierDataflowFactory,2
edu.umd.cs.findbugs.classfile.ResourceNotFoundException,2
edu.umd.cs.findbugs.cloud.DoNothingCloud,11
edu.umd.cs.findbugs.detect.NoteNonnullReturnValues,3
edu.umd.cs.findbugs.WarningComparator,2
edu.umd.cs.findbugs.classfile.engine.bcel.LockCheckerFactory,2
edu.umd.cs.findbugs.EmacsBugReporter,6
edu.umd.cs.findbugs.ba.AbstractFrameModelingVisitor,6
edu.umd.cs.findbugs.gui2.MainFrameMenu,4
edu.umd.cs.findbugs.ba.InstanceField,1
edu.umd.cs.findbugs.cloud.db.DriverShim,3
edu.umd.cs.findbugs.ba.npe.RedundantBranch,2
edu.umd.cs.findbugs.mbeans.AnalysisBeanImpl,2
edu.umd.cs.findbugs.xml.XMLAttributeList,4
edu.umd.cs.findbugs.ba.jsr305.FlowValue,2
edu.umd.cs.findbugs.detect.WaitInLoop,2
edu.umd.cs.findbugs.ba.interproc.PropertyDatabase,6
edu.umd.cs.findbugs.classfile.engine.bcel.ReverseDepthFirstSearchFactory,2
edu.umd.cs.findbugs.detect.NoteCheckReturnValue,6
edu.umd.cs.findbugs.ba.URLClassPath,3
edu.umd.cs.findbugs.gui2.Util,5
edu.umd.cs.findbugs.util.AnyTypeMatcher,2
edu.umd.cs.findbugs.classfile.IAnalysisEngine,2
edu.umd.cs.findbugs.ba.CompactLocationNumbering,2
edu.umd.cs.findbugs.util.Archive,2
edu.umd.cs.findbugs.ba.interproc.package-info,1
edu.umd.cs.findbugs.classfile.impl.AnalysisCache,10
edu.umd.cs.findbugs.graph.VisitationTimeComparator,2
edu.umd.cs.findbugs.AppVersion,3
edu.umd.cs.findbugs.detect.FindNonSerializableStoreIntoSession,5
edu.umd.cs.findbugs.workflow.CountByPackagePrefix,7
edu.umd.cs.findbugs.ba.AbstractDataflow,2
edu.umd.cs.findbugs.gui2.ViewFilter,36
edu.umd.cs.findbugs.FirstPassDetector,3
edu.umd.cs.findbugs.detect.MutableStaticFields,5
edu.umd.cs.findbugs.workflow.PrintAppVersion,4
edu.umd.cs.findbugs.annotations.DesireWarning,9
edu.umd.cs.findbugs.cloud.CloudPluginBuilder,4
edu.umd.cs.findbugs.gui2.RecentMenu,4
edu.umd.cs.findbugs.detect.RedundantInterfaces,2
edu.umd.cs.findbugs.annotations.Nullable,3
edu.umd.cs.findbugs.tools.junit.JUnitJarRunner,6
edu.umd.cs.findbugs.classfile.engine.bcel.ReturnPathDataflowFactory,2
edu.umd.cs.findbugs.ba.ca.package-info,2
edu.umd.cs.findbugs.ba.ReversePostOrder,2
edu.umd.cs.findbugs.classfile.Global,2
edu.umd.cs.findbugs.ba.StackDepthAnalysis,2
edu.umd.cs.findbugs.anttask.ConvertXmlToTextTask,3
edu.umd.cs.findbugs.classfile.engine.ClassDataAnalysisEngine,2
edu.umd.cs.findbugs.anttask.SetBugDatabaseInfoTask,3
edu.umd.cs.findbugs.ba.jsr305.ReturnTypeAnnotationLookupResult,2
edu.umd.cs.findbugs.ba.generic.GenericObjectType,11
edu.umd.cs.findbugs.classfile.analysis.ClassNameAndSuperclassInfo,4
edu.umd.cs.findbugs.cloud.SignInCancelledException,2
edu.umd.cs.findbugs.classfile.impl.DelegatingCodeBaseEntry,2
edu.umd.cs.findbugs.DetectorFactoryChooser,2
edu.umd.cs.findbugs.visitclass.PrintClass,6
edu.umd.cs.findbugs.ba.npe.IsNullValueFrameModelingVisitor,9
edu.umd.cs.findbugs.util.NotImplementedYetException,3
edu.umd.cs.findbugs.detect.NoteUnconditionalParamDerefs,6
edu.umd.cs.findbugs.classfile.IErrorLogger,2
edu.umd.cs.findbugs.ba.ch.InterproceduralCallGraph,2
edu.umd.cs.findbugs.bcel.CFGDetector,3
edu.umd.cs.findbugs.cloud.username.NameLookup,8
edu.umd.cs.findbugs.cloud.username.NoNameLookup,7
edu.umd.cs.findbugs.ba.BlockTypeDataflow,1
edu.umd.cs.findbugs.ba.npe.IsNullValue,6
edu.umd.cs.findbugs.detect.FormatStringChecker,12
edu.umd.cs.findbugs.detect.FindSqlInjectionTest,2
edu.umd.cs.findbugs.gui.BugInstanceGroup,1
edu.umd.cs.findbugs.I18N,13
edu.umd.cs.findbugs.UpdateCheckerTest,9
edu.umd.cs.findbugs.gui2.BugAspects,3
edu.umd.cs.findbugs.ba.DepthFirstSearch,2
edu.umd.cs.findbugs.detect.Noise,8
edu.umd.cs.findbugs.SloppyBugComparator,3
edu.umd.cs.findbugs.xml.XPathFind,3
edu.umd.cs.findbugs.plan.AnalysisPass,2
edu.umd.cs.findbugs.detect.BadUseOfReturnValue,2
edu.umd.cs.findbugs.classfile.engine.bcel.AssertionMethodsFactory,2
edu.umd.cs.findbugs.ba.vna.ValueNumberFrameModelingVisitor,10
edu.umd.cs.findbugs.classfile.IClassAnalysisEngine,2
edu.umd.cs.findbugs.plan.DetectorOrderingConstraint,2
edu.umd.cs.findbugs.gui.AnalysisErrorDialog,2
edu.umd.cs.findbugs.log.YourKitController,8
edu.umd.cs.findbugs.detect.StringConcatenation,3
edu.umd.cs.findbugs.ba.CompoundMethodChooser,2
edu.umd.cs.findbugs.plan.OrderingConstraintException,2
edu.umd.cs.findbugs.gui2.CommentsArea,46
edu.umd.cs.findbugs.detect.FindSelfComparison,21
edu.umd.cs.findbugs.ba.INullnessAnnotationDatabase,3
edu.umd.cs.findbugs.detect.BuildInterproceduralCallGraph,2
edu.umd.cs.findbugs.graph.SearchTreeBuilder,2
edu.umd.cs.findbugs.detect.BuildObligationPolicyDatabase,17
edu.umd.cs.findbugs.ba.bcp.Binding,2
edu.umd.cs.findbugs.classfile.ICodeBaseLocator,2
edu.umd.cs.findbugs.detect.FindFloatEquality,4
edu.umd.cs.findbugs.ByteCodePatternDetector,2
edu.umd.cs.findbugs.ba.npe.NonNullParamPropertyTest,4
edu.umd.cs.findbugs.workflow.BugHistory,7
edu.umd.cs.findbugs.SourceLineAnnotation,14
edu.umd.cs.findbugs.cloud.UserDesignation,4
edu.umd.cs.findbugs.StartTime,3
edu.umd.cs.findbugs.detect.FindNakedNotify,2
edu.umd.cs.findbugs.ba.interproc.FieldPropertyDatabase,4
edu.umd.cs.findbugs.detect.FindUnsatisfiedObligation,8
edu.umd.cs.findbugs.ba.ResourceValueFrameModelingVisitor,2
edu.umd.cs.findbugs.xml.XMLOutputUtil,4
edu.umd.cs.findbugs.gui2.GUI2CommandLine,5
edu.umd.cs.findbugs.FieldWarningSuppressor,2
edu.umd.cs.findbugs.ba.DataflowAnalysisException,2
edu.umd.cs.findbugs.BugAnnotationVisitor,1
edu.umd.cs.findbugs.detect.SynchronizeOnClassLiteralNotGetClass,2
edu.umd.cs.findbugs.detect.MultithreadedInstanceAccess,3
edu.umd.cs.findbugs.classfile.impl.ClassFactory,3
edu.umd.cs.findbugs.detect.TestASM,5
edu.umd.cs.findbugs.classfile.impl.FilesystemCodeBaseLocator,2
edu.umd.cs.findbugs.ba.JavaClassAndMethod,2
edu.umd.cs.findbugs.Detector,2
edu.umd.cs.findbugs.ml.SplitCamelCaseIdentifierTest,3
edu.umd.cs.findbugs.classfile.engine.bcel.ForwardTypeQualifierDataflowFactoryFactory,2
edu.umd.cs.findbugs.detect.BadAppletConstructor,2
edu.umd.cs.findbugs.detect.StreamFactory,2
edu.umd.cs.findbugs.detect.LockedFields,4
edu.umd.cs.findbugs.ba.type.NullType,4
edu.umd.cs.findbugs.ba.bcp.OneVariableInstruction,2
edu.umd.cs.findbugs.FieldAnnotation,8
edu.umd.cs.findbugs.ba.AbstractDominatorsAnalysis,2
edu.umd.cs.findbugs.BugAnnotationUtil,2
edu.umd.cs.findbugs.ba.bcp.package-info,2
edu.umd.cs.findbugs.DetectorToDetector2Adapter,3
edu.umd.cs.findbugs.classfile.IClassPathBuilder,2
edu.umd.cs.findbugs.ba.StackDepth,2
edu.umd.cs.findbugs.ba.InvalidBytecodeException,2
edu.umd.cs.findbugs.detect.InstantiateStaticClass,3
edu.umd.cs.findbugs.Version,39
edu.umd.cs.findbugs.classfile.IScannableCodeBase,2
edu.umd.cs.findbugs.graph.Transpose,2
edu.umd.cs.findbugs.graph.SearchTree,2
edu.umd.cs.findbugs.ba.EqualsKindSummary,3
edu.umd.cs.findbugs.detect.IDivResultCastToDouble,3
edu.umd.cs.findbugs.UsageTrackerTest,5
edu.umd.cs.findbugs.AddMessages,5
edu.umd.cs.findbugs.detect.NullDerefProperty,8
edu.umd.cs.findbugs.bcel.PreorderDetector,2
edu.umd.cs.findbugs.ba.AnalysisContext,21
edu.umd.cs.findbugs.detect.OverridingEqualsNotSymmetrical,10
edu.umd.cs.findbugs.ba.bcp.ByteCodePattern,2
edu.umd.cs.findbugs.ba.ca.CallListAnalysis,3
edu.umd.cs.findbugs.NoOpFindBugsProgress,2
edu.umd.cs.findbugs.detect.UncallableMethodOfAnonymousClass,12
edu.umd.cs.findbugs.detect.FindSleepWithLockHeld,3
edu.umd.cs.findbugs.detect.NumberConstructor,5
edu.umd.cs.findbugs.workflow.TestingGround,7
edu.umd.cs.findbugs.classfile.engine.ClassParserUsingASM,19
edu.umd.cs.findbugs.gui2.FindBugsLayoutManagerFactory,2
edu.umd.cs.findbugs.annotations.When,2
edu.umd.cs.findbugs.annotations.CleanupObligation,2
edu.umd.cs.findbugs.ba.bcp.IfNull,2
edu.umd.cs.findbugs.ba.constant.Constant,2
edu.umd.cs.findbugs.plan.ReportingDetectorFactorySelector,2
edu.umd.cs.findbugs.ba.npe.NullDerefAndRedundantComparisonFinder,21
edu.umd.cs.findbugs.VersionInsensitiveBugComparator,3
edu.umd.cs.findbugs.gui2.GUISaveState,9
edu.umd.cs.findbugs.ba.Dataflow,7
edu.umd.cs.findbugs.ba.ResourceValueAnalysis,3
edu.umd.cs.findbugs.classfile.engine.ClassInfoAnalysisEngine,5
edu.umd.cs.findbugs.detect.FieldItemSummary,10
edu.umd.cs.findbugs.CallGraphEdge,1
edu.umd.cs.findbugs.ba.npe.ReturnPathTypeDataflow,2
edu.umd.cs.findbugs.ba.ResourceValueFrame,2
edu.umd.cs.findbugs.ba.type.ExtendedTypes,2
edu.umd.cs.findbugs.detect.StreamFrameModelingVisitor,2
edu.umd.cs.findbugs.ba.npe2.AcmpCondition,2
edu.umd.cs.findbugs.ba.vna.MergeTree,2
edu.umd.cs.findbugs.detect.StartInConstructor,4
edu.umd.cs.findbugs.detect.SynchronizingOnContentsOfFieldToProtectField,5
edu.umd.cs.findbugs.ba.obl.ObligationAcquiredOrReleasedInLoopException,2
edu.umd.cs.findbugs.cloud.DBCloud,98
edu.umd.cs.findbugs.classfile.engine.bcel.CompactLocationNumberingFactory,2
edu.umd.cs.findbugs.detect.DontCatchIllegalMonitorStateException,2
edu.umd.cs.findbugs.classfile.analysis.AnnotatedObject,3
edu.umd.cs.findbugs.gui2.MainFrameLoadSaveHelper,4
edu.umd.cs.findbugs.sourceViewer.NumberedEditorKit,2
edu.umd.cs.findbugs.classfile.engine.bcel.ExceptionSetFactoryFactory,2
edu.umd.cs.findbugs.classfile.engine.bcel.ValueNumberDataflowFactory,3
edu.umd.cs.findbugs.detect.EqualsOperandShouldHaveClassCompatibleWithThis,8
edu.umd.cs.findbugs.ba.vna.ValueNumberAnalysisFeatures,2
edu.umd.cs.findbugs.ba.npe.IsNullValueFrame,6
edu.umd.cs.findbugs.util.JavaWebStart,5
edu.umd.cs.findbugs.ba.AbstractBlockOrder,3
edu.umd.cs.findbugs.anttask.UnionBugs,4
edu.umd.cs.findbugs.detect.RepeatedConditionals,2
edu.umd.cs.findbugs.ba.TargetEnumeratingVisitor,2
edu.umd.cs.findbugs.ba.EdgeChooser,2
edu.umd.cs.findbugs.ba.npe.ReturnPathTypeTest,2
edu.umd.cs.findbugs.classfile.engine.ClassNameAndSuperclassInfoAnalysisEngine,2
edu.umd.cs.findbugs.ba.DebugRepositoryLookupFailureCallback,3
edu.umd.cs.findbugs.ba.package-info,2
edu.umd.cs.findbugs.detect.FindFinalizeInvocations,2
edu.umd.cs.findbugs.ba.AbstractMethod,7
edu.umd.cs.findbugs.ba.npe.DerefFinder,4
edu.umd.cs.findbugs.filter.FieldMatcher,4
edu.umd.cs.findbugs.detect.FindBugsSummaryStats,3
edu.umd.cs.findbugs.ba.vna.package-info,2
edu.umd.cs.findbugs.classfile.IClassFactory,3
edu.umd.cs.findbugs.BugAnnotationWithSourceLines,3
edu.umd.cs.findbugs.graph.GraphEdge,2
edu.umd.cs.findbugs.ba.npe.UsagesRequiringNonNullValues,3
edu.umd.cs.findbugs.ba.jsr305.TypeQualifierAnnotationLookupResult,2
edu.umd.cs.findbugs.workflow.FindSeqNumTest,3
edu.umd.cs.findbugs.Project,51
edu.umd.cs.findbugs.detect.StaticCalendarDetector,7
edu.umd.cs.findbugs.gui.Grouper,1
edu.umd.cs.findbugs.ba.DataflowValueChooser,2
edu.umd.cs.findbugs.graph.StronglyConnectedComponents,2
edu.umd.cs.findbugs.gui2.BugTreeModel,14
edu.umd.cs.findbugs.ba.bcp.LocalVariable,2
edu.umd.cs.findbugs.util.ClassPathUtil,4
edu.umd.cs.findbugs.ba.bcp.PatternElement,3
edu.umd.cs.findbugs.TextUIBugReporter,12
edu.umd.cs.findbugs.BugProperty,2
edu.umd.cs.findbugs.ba.NullnessAnnotation,3
edu.umd.cs.findbugs.InstructionScannerGenerator,2
edu.umd.cs.findbugs.ClassAnnotation,9
edu.umd.cs.findbugs.detect.QuestionableBooleanAssignment,2
edu.umd.cs.findbugs.IFindBugsEngine2,3
edu.umd.cs.findbugs.PackageStats,13
edu.umd.cs.findbugs.gui2.NewProjectWizard,15
edu.umd.cs.findbugs.gui2.DeadBugFilter,2
edu.umd.cs.findbugs.jaif.JAIFScanner,2
edu.umd.cs.findbugs.classfile.engine.asm.ClassNodeAnalysisEngine,2
edu.umd.cs.findbugs.ba.SimplePathEnumerator,2
edu.umd.cs.findbugs.detect.TestDataflowAnalysis,6
edu.umd.cs.findbugs.graph.VertexCombinator,2
edu.umd.cs.findbugs.detect.FindUnrelatedTypesInGenericContainer,54
edu.umd.cs.findbugs.detect.CalledMethods,3
edu.umd.cs.findbugs.detect.DontUseEnum,2
edu.umd.cs.findbugs.ba.obl.ObligationAnalysis,6
edu.umd.cs.findbugs.asm.FBClassReader,3
edu.umd.cs.findbugs.tools.FixIndentation,8
edu.umd.cs.findbugs.cloud.db.IPAddressLookup,3
edu.umd.cs.findbugs.plan.DetectorFactorySelector,2
edu.umd.cs.findbugs.ba.jsr305.Analysis,2
edu.umd.cs.findbugs.AbstractSwingGuiCallback,2
edu.umd.cs.findbugs.jaif.JAIFTokenKind,2
edu.umd.cs.findbugs.util.Bag,3
edu.umd.cs.findbugs.BugRankCategory,6
edu.umd.cs.findbugs.gui2.SorterDialog,7
edu.umd.cs.findbugs.ba.heap.StoreDataflow,1
edu.umd.cs.findbugs.cloud.db.DBCloud,50
edu.umd.cs.findbugs.detect.BuildNonNullAnnotationDatabase,6
edu.umd.cs.findbugs.classfile.UncheckedAnalysisException,2
edu.umd.cs.findbugs.FindBugsMessageFormat,5
edu.umd.cs.findbugs.RecursiveFileSearch,2
edu.umd.cs.findbugs.ba.ReturnPathDataflow,1
edu.umd.cs.findbugs.detect.ReadReturnShouldBeChecked,2
edu.umd.cs.findbugs.filter.ClassMatcher,2
edu.umd.cs.findbugs.log.Profiler,16
edu.umd.cs.findbugs.TigerSubstitutesTest,1
edu.umd.cs.findbugs.ba.npe.PointerUsageRequiringNonNullValue,4
edu.umd.cs.findbugs.workflow.ObfuscateBugs,5
edu.umd.cs.findbugs.classfile.impl.ClassPathBuilder,5
edu.umd.cs.findbugs.log.LogSync,4
edu.umd.cs.findbugs.LaunchAppropriateUI,7
edu.umd.cs.findbugs.classfile.engine.ClassParser,3
edu.umd.cs.findbugs.detect.NoteCheckReturnValueAnnotations,2
edu.umd.cs.findbugs.classfile.FieldOrMethodName,2
edu.umd.cs.findbugs.io.IO,7
edu.umd.cs.findbugs.bugReporter.SuppressDecorator,3
edu.umd.cs.findbugs.detect.Stream,3
edu.umd.cs.findbugs.detect.UnreadFields,37
edu.umd.cs.findbugs.graph.AbstractDepthFirstSearch,2
edu.umd.cs.findbugs.classfile.engine.bcel.MethodGenFactory,4
edu.umd.cs.findbugs.NoClassesFoundToAnalyzeException,2
edu.umd.cs.findbugs.config.UserPreferencesTest,2
edu.umd.cs.findbugs.ba.ReturnPathAnalysis,2
edu.umd.cs.findbugs.filter.BugMatcher,2
edu.umd.cs.findbugs.JUnitDetectorAdapter,2
edu.umd.cs.findbugs.detect.UnreadFieldsData,1
edu.umd.cs.findbugs.filter.FilterException,1
edu.umd.cs.findbugs.ba.SourceFinder,20
edu.umd.cs.findbugs.ba.Hierarchy2,17
edu.umd.cs.findbugs.DetectorFactoryCollection,61
edu.umd.cs.findbugs.filter.AndMatcher,2
edu.umd.cs.findbugs.UseAnnotationDatabase,2
edu.umd.cs.findbugs.MethodWarningSuppressor,2
edu.umd.cs.findbugs.detect.DeadLocalStoreProperty,4
edu.umd.cs.findbugs.BugCode,3
edu.umd.cs.findbugs.detect.ConfusedInheritance,2
edu.umd.cs.findbugs.detect.MethodReturnCheck,12
edu.umd.cs.findbugs.bcel.BCELUtil,4
edu.umd.cs.findbugs.ba.BasicAbstractDataflowAnalysis,3
edu.umd.cs.findbugs.InstructionScannerDriver,2
edu.umd.cs.findbugs.detect.FindBadForLoop,2
edu.umd.cs.findbugs.ba.LiveLocalStoreAnalysis,3
edu.umd.cs.findbugs.classfile.impl.DirectoryCodeBaseEntry,3
edu.umd.cs.findbugs.detect.CheckExpectedWarnings,23
edu.umd.cs.findbugs.ba.ch.InheritanceGraphVisitor,2
edu.umd.cs.findbugs.workflow.CloudSyncAndReport,6